{
  "lines": {
    "mean": 48.59090909090909,
    "std": 40.20024999269275,
    "min": 3,
    "max": {
      "value": 285,
      "files": [
        "organism.gameplay.dna.graph.hex"
      ]
    }
  },
  "ClassDef": {
    "mean": 1.0212121212121212,
    "std": 0.6110718948232714,
    "min": 0,
    "max": {
      "value": 5,
      "files": [
        "organism.gameplay.dna.model.body_dna"
      ]
    }
  },
  "FunctionDef": {
    "mean": 0.3939393939393939,
    "std": 1.081465681670875,
    "min": 0,
    "max": {
      "value": 11,
      "files": [
        "organism.gameplay.gaia.collision_service"
      ]
    },
    "control_structures": {
      "If": {
        "mean": 0.4120639534883721,
        "max": 7
      },
      "For": {
        "mean": 0.14898255813953487,
        "max": 4
      },
      "While": {
        "mean": 0.015988372093023256,
        "max": 4
      }
    }
  },
  "MethodDef": {
    "mean": 3.775757575757576,
    "std": 5.136852388754052,
    "min": 0,
    "max": {
      "value": 41,
      "files": [
        "organism.gameplay.dna.graph.hex"
      ]
    }
  },
  "Import_in": {
    "mean": 5.621212121212121,
    "std": 3.7625783030765914,
    "min": 0,
    "max": {
      "value": 27,
      "files": [
        "organism.game_content.painters.painter_service"
      ]
    }
  },
  "Import_out": {
    "mean": 3.639393939393939,
    "std": 6.574817916460775,
    "min": 0,
    "max": {
      "value": 68,
      "files": [
        "organism.core.vec2"
      ]
    }
  }
}